<?xml version="1.0" encoding="UTF-8"?>
<LightningComponentBundle xmlns="http://soap.sforce.com/2006/04/metadata">
    <apiVersion>57.0</apiVersion>
    <isExposed>true</isExposed>
    <targets>
        <target>lightning__FlowScreen</target>
    </targets>
    <targetConfigs>
        <targetConfig targets="lightning__FlowScreen">
            <property name="timelineItem_col" type="apex://TimelineItem[]" label="Timeline Items" description="Collection of timeline items" role="inputOnly"/>
            <property name="timelineGroup_col" type="apex://TimelineGroup[]" label="Timeline Groups" description="Collection of timeline groups" role="inputOnly"/>
        </targetConfig>
    </targetConfigs>
</LightningComponentBundle>